candidate_id,rank,score,reasoning
CAND_0000031,1,0.4328938808206922,Strong semantic match (Score: 43.3) with 6.0 years of experience. Exceptional open-source presence (GitHub score: 32.6). Highly responsive to recruiter outreach. Actively looking for new opportunities. Strong academic pedigree. High recruiter demand in the last 30 days.
CAND_0000184,2,0.427812280598467,Strong semantic match (Score: 42.8) with 4.9 years of experience. Available to join almost immediately. Exceptional open-source presence (GitHub score: 17.8). Scored exceptionally on platform assessments (68.22/100). Graduate of a top-tier institution. High recruiter demand in the last 30 days.
CAND_0000317,3,0.4033661350035668,Strong semantic match (Score: 40.3) with 3.1 years of experience. Available to join almost immediately. Actively looking for new opportunities. Graduate of a top-tier institution. Has relevant certifications.
CAND_0000273,4,0.38115457368250205,Strong semantic match (Score: 38.1) with 5.8 years of experience. Exceptional open-source presence (GitHub score: 29.2). Actively looking for new opportunities. Reliable interview attendance record. High recruiter demand in the last 30 days.
CAND_0000249,5,0.3567990571221402,Strong semantic match (Score: 35.7) with 9.1 years of experience. Available to join almost immediately.
CAND_0000165,6,0.34459518103528214,Strong semantic match (Score: 34.5) with 6.8 years of experience. Exceptional open-source presence (GitHub score: 61.5). Actively looking for new opportunities. Scored exceptionally on platform assessments (77.88/100). Graduate of a top-tier institution. Has relevant certifications. Reliable interview attendance record. High recruiter demand in the last 30 days.
CAND_0000422,7,0.32865115008174633,Strong semantic match (Score: 32.9) with 6.3 years of experience. Highly responsive to recruiter outreach. Actively looking for new opportunities. Scored exceptionally on platform assessments (76.9/100). Has relevant certifications. Reliable interview attendance record. High recruiter demand in the last 30 days.
CAND_0000075,8,0.3013556566637646,Strong semantic match (Score: 30.1) with 5.2 years of experience. Available to join almost immediately. Exceptional open-source presence (GitHub score: 27.8). Scored exceptionally on platform assessments (74.0/100). Strong academic pedigree.
CAND_0000426,9,0.29627865424569705,Strong semantic match (Score: 29.6) with 5.9 years of experience. Available to join almost immediately. Graduate of a top-tier institution. Has relevant certifications. High recruiter demand in the last 30 days.
CAND_0000001,10,0.2925418454819496,Strong semantic match (Score: 29.3) with 6.9 years of experience. Actively looking for new opportunities.
CAND_0000331,11,0.2925031882204276,Strong semantic match (Score: 29.3) with 5.5 years of experience. Available to join almost immediately. Exceptional open-source presence (GitHub score: 59.1). High recruiter demand in the last 30 days.
CAND_0000023,12,0.2919155444475617,Strong semantic match (Score: 29.2) with 3.7 years of experience. Available to join almost immediately. Exceptional open-source presence (GitHub score: 48.5). Strong academic pedigree. Reliable interview attendance record. High recruiter demand in the last 30 days.
CAND_0000112,13,0.26453053996215414,Strong semantic match (Score: 26.5) with 3.8 years of experience. Exceptional open-source presence (GitHub score: 79.4). Graduate of a top-tier institution. Reliable interview attendance record.
CAND_0000010,14,0.26101270292346684,Strong semantic match (Score: 26.1) with 4.6 years of experience. Exceptional open-source presence (GitHub score: 33.7). Scored exceptionally on platform assessments (68.47/100).
CAND_0000288,15,0.25856232128358697,Strong semantic match (Score: 25.9) with 2.7 years of experience. Available to join almost immediately.
CAND_0000395,16,0.25394997227002386,Strong semantic match (Score: 25.4) with 3.8 years of experience. Exceptional open-source presence (GitHub score: 45.9). Has relevant certifications. Reliable interview attendance record.
CAND_0000099,17,0.25147893800318866,Strong semantic match (Score: 25.1) with 2.6 years of experience. Highly responsive to recruiter outreach. Actively looking for new opportunities. Has relevant certifications.
CAND_0000227,18,0.24809505040764857,Strong semantic match (Score: 24.8) with 7.6 years of experience. Exceptional open-source presence (GitHub score: 44.8). Graduate of a top-tier institution. Has relevant certifications. Reliable interview attendance record.
CAND_0000014,19,0.24588368111674128,Strong semantic match (Score: 24.6) with 8.4 years of experience. Highly responsive to recruiter outreach. Scored exceptionally on platform assessments (77.6/100).
CAND_0000055,20,0.24406677315419847,Strong semantic match (Score: 24.4) with 7.3 years of experience. Exceptional open-source presence (GitHub score: 17.3). Has relevant certifications. High recruiter demand in the last 30 days.
CAND_0000072,21,0.2421979232424047,Strong semantic match (Score: 24.2) with 7.0 years of experience. Available to join almost immediately. Exceptional open-source presence (GitHub score: 19.8). Strong academic pedigree. Has relevant certifications. Reliable interview attendance record.
CAND_0000307,22,0.2333755067947064,Strong semantic match (Score: 23.3) with 6.8 years of experience. Highly responsive to recruiter outreach. Has relevant certifications.
CAND_0000190,23,0.23219857367279167,Strong semantic match (Score: 23.2) with 3.7 years of experience. Highly responsive to recruiter outreach. Scored exceptionally on platform assessments (72.2/100). Strong academic pedigree.
CAND_0000116,24,0.2276207379143224,Strong semantic match (Score: 22.8) with 7.3 years of experience. Actively looking for new opportunities.
CAND_0000489,25,0.22568461767548573,Strong semantic match (Score: 22.6) with 3.9 years of experience. Reliable interview attendance record. High recruiter demand in the last 30 days.
CAND_0000200,26,0.22237696666829132,Strong semantic match (Score: 22.2) with 4.3 years of experience. Actively looking for new opportunities. Has relevant certifications. Reliable interview attendance record. High recruiter demand in the last 30 days.
CAND_0000260,27,0.22022369062416502,Strong semantic match (Score: 22.0) with 3.8 years of experience. Graduate of a top-tier institution. Reliable interview attendance record.
CAND_0000418,28,0.21827963789925509,Strong semantic match (Score: 21.8) with 9.0 years of experience. Exceptional open-source presence (GitHub score: 42.3). Strong academic pedigree.
CAND_0000390,29,0.21350588313821325,Strong semantic match (Score: 21.4) with 6.6 years of experience. Actively looking for new opportunities. Reliable interview attendance record. High recruiter demand in the last 30 days.
CAND_0000454,30,0.21035411917520394,Strong semantic match (Score: 21.0) with 5.8 years of experience. Strong academic pedigree. High recruiter demand in the last 30 days.
CAND_0000088,31,0.20055329486986476,Strong semantic match (Score: 20.1) with 7.6 years of experience. Available to join almost immediately.
CAND_0000452,32,0.19762248823004946,Strong semantic match (Score: 19.8) with 2.9 years of experience. Exceptional open-source presence (GitHub score: 62.1). Scored exceptionally on platform assessments (71.6/100). Reliable interview attendance record.
CAND_0000229,33,0.19524752402078885,Strong semantic match (Score: 19.5) with 2.2 years of experience.
CAND_0000354,34,0.19449789279176985,Strong semantic match (Score: 19.4) with 6.3 years of experience. Exceptional open-source presence (GitHub score: 51.6). Actively looking for new opportunities. Reliable interview attendance record. High recruiter demand in the last 30 days.
CAND_0000223,35,0.19368505472783165,Strong semantic match (Score: 19.4) with 6.1 years of experience. Available to join almost immediately. Highly responsive to recruiter outreach. Actively looking for new opportunities. Strong academic pedigree.
CAND_0000060,36,0.1927114473049873,Strong semantic match (Score: 19.3) with 8.0 years of experience. Actively looking for new opportunities. Strong academic pedigree.
CAND_0000110,37,0.19083348007795572,Strong semantic match (Score: 19.1) with 9.8 years of experience. Exceptional open-source presence (GitHub score: 64.0). Actively looking for new opportunities. Reliable interview attendance record.
CAND_0000091,38,0.18957281490515143,Strong semantic match (Score: 19.0) with 3.6 years of experience. Exceptional open-source presence (GitHub score: 55.2).
CAND_0000292,39,0.18953661200919023,Strong semantic match (Score: 19.0) with 2.0 years of experience. Actively looking for new opportunities. High recruiter demand in the last 30 days.
CAND_0000280,40,0.18842469892079636,Strong semantic match (Score: 18.8) with 8.2 years of experience. Scored exceptionally on platform assessments (67.35/100). Reliable interview attendance record.
CAND_0000210,41,0.18696204869096988,Strong semantic match (Score: 18.7) with 6.3 years of experience. Exceptional open-source presence (GitHub score: 61.8).
CAND_0000025,42,0.18656343134808617,Strong semantic match (Score: 18.7) with 7.3 years of experience. Actively looking for new opportunities. Has relevant certifications.
CAND_0000440,43,0.18531806296889353,Strong semantic match (Score: 18.5) with 7.5 years of experience. Strong academic pedigree. Has relevant certifications. Reliable interview attendance record. High recruiter demand in the last 30 days.
CAND_0000333,44,0.1851327757030648,Strong semantic match (Score: 18.5) with 7.4 years of experience. Highly responsive to recruiter outreach.
CAND_0000063,45,0.1829712679417497,Strong semantic match (Score: 18.3) with 5.4 years of experience. Exceptional open-source presence (GitHub score: 61.4). Highly responsive to recruiter outreach. Actively looking for new opportunities. Reliable interview attendance record. High recruiter demand in the last 30 days.
CAND_0000352,46,0.18151137140666485,Strong semantic match (Score: 18.2) with 4.7 years of experience. Actively looking for new opportunities. Scored exceptionally on platform assessments (73.5/100). Reliable interview attendance record.
CAND_0000131,47,0.18040191207578726,Strong semantic match (Score: 18.0) with 4.8 years of experience. Actively looking for new opportunities. High recruiter demand in the last 30 days.
CAND_0000313,48,0.17548056295278583,Strong semantic match (Score: 17.5) with 7.0 years of experience. Scored exceptionally on platform assessments (71.7/100). High recruiter demand in the last 30 days.
CAND_0000185,49,0.17152755919317927,Strong semantic match (Score: 17.2) with 6.1 years of experience. Exceptional open-source presence (GitHub score: 54.1). Reliable interview attendance record.
CAND_0000487,50,0.17040276597449022,Strong semantic match (Score: 17.0) with 2.7 years of experience. Available to join almost immediately. Actively looking for new opportunities. Has relevant certifications. High recruiter demand in the last 30 days.
CAND_0000048,51,0.16828182521136614,Strong semantic match (Score: 16.8) with 9.7 years of experience. Actively looking for new opportunities. Strong academic pedigree. Has relevant certifications.
CAND_0000108,52,0.1603858539417159,Strong semantic match (Score: 16.0) with 3.6 years of experience. Exceptional open-source presence (GitHub score: 25.6). Highly responsive to recruiter outreach. High recruiter demand in the last 30 days.
CAND_0000343,53,0.16012927641508967,Strong semantic match (Score: 16.0) with 6.4 years of experience. Exceptional open-source presence (GitHub score: 46.3). Actively looking for new opportunities. Has relevant certifications. Reliable interview attendance record. High recruiter demand in the last 30 days.
CAND_0000372,54,0.15829455032026396,Strong semantic match (Score: 15.8) with 1.4 years of experience. Exceptional open-source presence (GitHub score: 53.9). Highly responsive to recruiter outreach.
CAND_0000096,55,0.15653386359090424,Strong semantic match (Score: 15.7) with 3.2 years of experience. Strong academic pedigree. Has relevant certifications. Reliable interview attendance record. High recruiter demand in the last 30 days.
CAND_0000285,56,0.15471228436147944,Strong semantic match (Score: 15.5) with 3.5 years of experience. Exceptional open-source presence (GitHub score: 50.1). Actively looking for new opportunities. High recruiter demand in the last 30 days.
CAND_0000015,57,0.15037474429739792,Strong semantic match (Score: 15.0) with 5.4 years of experience. Actively looking for new opportunities.
CAND_0000082,58,0.14511037054886552,Strong semantic match (Score: 14.5) with 7.4 years of experience. Highly responsive to recruiter outreach. Actively looking for new opportunities. Has relevant certifications. Reliable interview attendance record.
CAND_0000345,59,0.14454164109996084,Strong semantic match (Score: 14.5) with 4.3 years of experience. Exceptional open-source presence (GitHub score: 42.4). Actively looking for new opportunities. Strong academic pedigree. Reliable interview attendance record. High recruiter demand in the last 30 days.
CAND_0000360,60,0.14443269800798003,Strong semantic match (Score: 14.4) with 8.6 years of experience. Actively looking for new opportunities. Has relevant certifications.
CAND_0000160,61,0.14179963722811795,Strong semantic match (Score: 14.2) with 7.0 years of experience. Actively looking for new opportunities. Graduate of a top-tier institution.
CAND_0000158,62,0.1382651070722497,Strong semantic match (Score: 13.8) with 4.4 years of experience. Exceptional open-source presence (GitHub score: 37.3). Scored exceptionally on platform assessments (76.0/100). Strong academic pedigree.
CAND_0000458,63,0.13724485659269745,Strong semantic match (Score: 13.7) with 8.0 years of experience. Highly responsive to recruiter outreach. Actively looking for new opportunities. Strong academic pedigree. High recruiter demand in the last 30 days.
CAND_0000255,64,0.1350120336729384,Strong semantic match (Score: 13.5) with 8.0 years of experience. Actively looking for new opportunities. Reliable interview attendance record.
CAND_0000067,65,0.1348686318700706,Strong semantic match (Score: 13.5) with 3.9 years of experience. Strong academic pedigree. Reliable interview attendance record.
CAND_0000275,66,0.13182037282905895,Strong semantic match (Score: 13.2) with 7.8 years of experience.
CAND_0000482,67,0.13056775343663113,Strong semantic match (Score: 13.1) with 4.3 years of experience. Graduate of a top-tier institution.
CAND_0000213,68,0.12968765412174715,Strong semantic match (Score: 13.0) with 3.0 years of experience.
CAND_0000298,69,0.1288561157191739,Strong semantic match (Score: 12.9) with 5.3 years of experience. Strong academic pedigree.
CAND_0000130,70,0.12832363489669546,Strong semantic match (Score: 12.8) with 8.6 years of experience. Highly responsive to recruiter outreach.
CAND_0000466,71,0.1280132404202437,Strong semantic match (Score: 12.8) with 8.8 years of experience. Exceptional open-source presence (GitHub score: 36.3). Actively looking for new opportunities. Reliable interview attendance record.
CAND_0000155,72,0.12731859341901122,Strong semantic match (Score: 12.7) with 3.2 years of experience. Exceptional open-source presence (GitHub score: 44.0). Strong academic pedigree. Reliable interview attendance record.
CAND_0000406,73,0.1260310977966884,Strong semantic match (Score: 12.6) with 1.9 years of experience. Has relevant certifications. High recruiter demand in the last 30 days.
CAND_0000038,74,0.12595947142700656,Strong semantic match (Score: 12.6) with 6.7 years of experience. Exceptional open-source presence (GitHub score: 37.8). Actively looking for new opportunities. High recruiter demand in the last 30 days.
CAND_0000104,75,0.12503257301372128,Strong semantic match (Score: 12.5) with 8.1 years of experience. Highly responsive to recruiter outreach. Graduate of a top-tier institution. High recruiter demand in the last 30 days.
CAND_0000445,76,0.12258007680772968,Strong semantic match (Score: 12.3) with 9.5 years of experience. Exceptional open-source presence (GitHub score: 16.6). Highly responsive to recruiter outreach. Reliable interview attendance record. High recruiter demand in the last 30 days.
CAND_0000198,77,0.12246246608943323,Strong semantic match (Score: 12.2) with 6.3 years of experience. Actively looking for new opportunities. Scored exceptionally on platform assessments (75.5/100). Reliable interview attendance record. High recruiter demand in the last 30 days.
CAND_0000370,78,0.12148720719853676,Strong semantic match (Score: 12.1) with 5.9 years of experience. Actively looking for new opportunities. Graduate of a top-tier institution. Has relevant certifications.
CAND_0000182,79,0.12030466335386665,Strong semantic match (Score: 12.0) with 5.5 years of experience. Has relevant certifications.
CAND_0000408,80,0.12013358276317883,Strong semantic match (Score: 12.0) with 3.2 years of experience. Exceptional open-source presence (GitHub score: 26.2). High recruiter demand in the last 30 days.
CAND_0000295,81,0.11980943271555601,Strong semantic match (Score: 12.0) with 7.8 years of experience. Actively looking for new opportunities.
CAND_0000417,82,0.11956821672060307,Strong semantic match (Score: 12.0) with 7.8 years of experience. Highly responsive to recruiter outreach. Actively looking for new opportunities. Strong academic pedigree. Has relevant certifications.
CAND_0000442,83,0.11941151454142186,Strong semantic match (Score: 11.9) with 3.1 years of experience. Exceptional open-source presence (GitHub score: 52.1). Actively looking for new opportunities. Strong academic pedigree.
CAND_0000035,84,0.11940793561469801,Strong semantic match (Score: 11.9) with 4.3 years of experience. Has relevant certifications.
CAND_0000243,85,0.11851382094866673,Strong semantic match (Score: 11.9) with 5.7 years of experience. Reliable interview attendance record. High recruiter demand in the last 30 days.
CAND_0000397,86,0.11747855078866154,Strong semantic match (Score: 11.7) with 9.9 years of experience.
CAND_0000134,87,0.11168337037906977,Strong semantic match (Score: 11.2) with 8.6 years of experience. Highly responsive to recruiter outreach. Actively looking for new opportunities.
CAND_0000302,88,0.11151585067100817,Strong semantic match (Score: 11.2) with 7.4 years of experience. Actively looking for new opportunities. Reliable interview attendance record. High recruiter demand in the last 30 days.
CAND_0000054,89,0.11004782891065137,Strong semantic match (Score: 11.0) with 4.9 years of experience. Actively looking for new opportunities. High recruiter demand in the last 30 days.
CAND_0000263,90,0.10959373048646022,Strong semantic match (Score: 11.0) with 5.4 years of experience. Exceptional open-source presence (GitHub score: 51.4). Strong academic pedigree. Reliable interview attendance record. High recruiter demand in the last 30 days.
CAND_0000348,91,0.10948581689351032,Strong semantic match (Score: 10.9) with 7.1 years of experience. Exceptional open-source presence (GitHub score: 38.8). Has relevant certifications. High recruiter demand in the last 30 days.
CAND_0000461,92,0.10811366317887211,Strong semantic match (Score: 10.8) with 6.7 years of experience. Actively looking for new opportunities. High recruiter demand in the last 30 days.
CAND_0000472,93,0.10764187949526274,Strong semantic match (Score: 10.8) with 2.9 years of experience. Exceptional open-source presence (GitHub score: 11.2). Has relevant certifications.
CAND_0000202,94,0.1071652000995078,Strong semantic match (Score: 10.7) with 2.7 years of experience. Actively looking for new opportunities. Has relevant certifications. Reliable interview attendance record. High recruiter demand in the last 30 days.
CAND_0000159,95,0.10698453110243249,Strong semantic match (Score: 10.7) with 4.4 years of experience. Exceptional open-source presence (GitHub score: 42.7). Actively looking for new opportunities. Strong academic pedigree. High recruiter demand in the last 30 days.
CAND_0000262,96,0.09784704685465294,Strong semantic match (Score: 9.8) with 4.9 years of experience. Exceptional open-source presence (GitHub score: 27.2). Has relevant certifications. High recruiter demand in the last 30 days.
CAND_0000127,97,0.09690978023933215,Strong semantic match (Score: 9.7) with 6.7 years of experience. High recruiter demand in the last 30 days.
CAND_0000386,98,0.0966286680318229,Strong semantic match (Score: 9.7) with 9.6 years of experience. Actively looking for new opportunities. Has relevant certifications. Reliable interview attendance record.
CAND_0000187,99,0.09433862730397133,Strong semantic match (Score: 9.4) with 6.6 years of experience. Actively looking for new opportunities.
CAND_0000043,100,0.09393476167727824,Strong semantic match (Score: 9.4) with 8.3 years of experience.
CAND_0000061,101,0.09178923202780406,Strong semantic match (Score: 9.2) with 7.7 years of experience.
CAND_0000051,102,0.09041361879573102,Strong semantic match (Score: 9.0) with 6.2 years of experience. Actively looking for new opportunities. Reliable interview attendance record.
CAND_0000128,103,0.08951263754776859,Strong semantic match (Score: 9.0) with 8.5 years of experience. Actively looking for new opportunities. Reliable interview attendance record.
CAND_0000469,104,0.08944592547930011,Strong semantic match (Score: 8.9) with 1.9 years of experience.
CAND_0000494,105,0.08694389354830989,Strong semantic match (Score: 8.7) with 3.4 years of experience. Exceptional open-source presence (GitHub score: 40.0). Highly responsive to recruiter outreach. High recruiter demand in the last 30 days.
CAND_0000071,106,0.08483709619865056,Strong semantic match (Score: 8.5) with 1.8 years of experience. Exceptional open-source presence (GitHub score: 53.3).
CAND_0000152,107,0.08480512772718812,Strong semantic match (Score: 8.5) with 4.0 years of experience. Scored exceptionally on platform assessments (70.6/100). Has relevant certifications.
CAND_0000077,108,0.08244472588025839,Strong semantic match (Score: 8.2) with 8.7 years of experience. Scored exceptionally on platform assessments (69.8/100).
CAND_0000018,109,0.08091869133906109,Strong semantic match (Score: 8.1) with 6.6 years of experience.
CAND_0000364,110,0.07961238689210591,Strong semantic match (Score: 8.0) with 8.6 years of experience. High recruiter demand in the last 30 days.
CAND_0000404,111,0.079266357123201,Strong semantic match (Score: 7.9) with 8.2 years of experience. High recruiter demand in the last 30 days.
CAND_0000254,112,0.07696145068822195,Strong semantic match (Score: 7.7) with 5.7 years of experience.
CAND_0000206,113,0.0755059065398558,Strong semantic match (Score: 7.6) with 9.2 years of experience. Has relevant certifications. Reliable interview attendance record.
CAND_0000044,114,0.07517684463610991,Strong semantic match (Score: 7.5) with 5.7 years of experience. High recruiter demand in the last 30 days.
CAND_0000032,115,0.07468336545436192,Strong semantic match (Score: 7.5) with 8.1 years of experience. Reliable interview attendance record.
CAND_0000238,116,0.06425163772096149,Strong semantic match (Score: 6.4) with 7.6 years of experience. High recruiter demand in the last 30 days.
CAND_0000228,117,0.06361662832459311,Strong semantic match (Score: 6.4) with 4.0 years of experience. Actively looking for new opportunities. Reliable interview attendance record.
CAND_0000117,118,0.06176253059055328,Strong semantic match (Score: 6.2) with 7.9 years of experience. Exceptional open-source presence (GitHub score: 50.3). Strong academic pedigree. High recruiter demand in the last 30 days.
CAND_0000119,119,0.0,Strong semantic match (Score: 0.0) with 10.1 years of experience.
CAND_0000311,120,0.0,Strong semantic match (Score: 0.0) with 6.2 years of experience. Exceptional open-source presence (GitHub score: 24.3).
CAND_0000062,121,0.0,Strong semantic match (Score: 0.0) with 4.3 years of experience. Exceptional open-source presence (GitHub score: 45.9). Actively looking for new opportunities. Scored exceptionally on platform assessments (73.2/100). Reliable interview attendance record.
CAND_0000133,122,0.0,Strong semantic match (Score: 0.0) with 11.7 years of experience. Has relevant certifications.
CAND_0000447,123,0.0,Strong semantic match (Score: 0.0) with 7.2 years of experience.
CAND_0000205,124,0.0,Strong semantic match (Score: 0.0) with 4.8 years of experience. Available to join almost immediately.
CAND_0000064,125,0.0,Strong semantic match (Score: 0.0) with 4.5 years of experience. Strong academic pedigree. Has relevant certifications. Reliable interview attendance record.
CAND_0000138,126,0.0,Strong semantic match (Score: 0.0) with 8.3 years of experience.
CAND_0000027,127,0.0,Strong semantic match (Score: 0.0) with 3.9 years of experience. Exceptional open-source presence (GitHub score: 38.6). Actively looking for new opportunities. Graduate of a top-tier institution.
CAND_0000256,128,0.0,Strong semantic match (Score: 0.0) with 2.3 years of experience.
CAND_0000415,129,0.0,Strong semantic match (Score: 0.0) with 9.7 years of experience. Exceptional open-source presence (GitHub score: 17.0). Actively looking for new opportunities. Reliable interview attendance record. High recruiter demand in the last 30 days.
CAND_0000379,130,0.0,Strong semantic match (Score: 0.0) with 1.9 years of experience. Actively looking for new opportunities.
CAND_0000090,131,0.0,Strong semantic match (Score: 0.0) with 1.7 years of experience. Scored exceptionally on platform assessments (68.6/100).
CAND_0000196,132,0.0,Strong semantic match (Score: 0.0) with 4.2 years of experience. Strong academic pedigree. High recruiter demand in the last 30 days.
CAND_0000089,133,0.0,Strong semantic match (Score: 0.0) with 1.1 years of experience.
CAND_0000463,134,0.0,Strong semantic match (Score: 0.0) with 2.2 years of experience. Actively looking for new opportunities.
CAND_0000239,135,0.0,Strong semantic match (Score: 0.0) with 4.4 years of experience.
CAND_0000490,136,0.0,Strong semantic match (Score: 0.0) with 2.6 years of experience. Exceptional open-source presence (GitHub score: 16.8).
CAND_0000284,137,0.0,Strong semantic match (Score: 0.0) with 2.4 years of experience. Exceptional open-source presence (GitHub score: 15.6). Actively looking for new opportunities. Strong academic pedigree.
CAND_0000056,138,0.0,Strong semantic match (Score: 0.0) with 1.3 years of experience. Graduate of a top-tier institution.
CAND_0000483,139,0.0,Strong semantic match (Score: 0.0) with 4.1 years of experience. Actively looking for new opportunities. Has relevant certifications.
CAND_0000434,140,0.0,Strong semantic match (Score: 0.0) with 3.6 years of experience. Has relevant certifications.
CAND_0000216,141,0.0,Strong semantic match (Score: 0.0) with 6.0 years of experience. Has relevant certifications. Reliable interview attendance record.
CAND_0000244,142,0.0,Strong semantic match (Score: 0.0) with 1.3 years of experience. Exceptional open-source presence (GitHub score: 11.9).
CAND_0000181,143,0.0,Strong semantic match (Score: 0.0) with 4.7 years of experience. Has relevant certifications. Reliable interview attendance record.
CAND_0000136,144,0.0,Strong semantic match (Score: 0.0) with 6.5 years of experience. Highly responsive to recruiter outreach. Scored exceptionally on platform assessments (73.9/100). Reliable interview attendance record.
CAND_0000132,145,0.0,Strong semantic match (Score: 0.0) with 7.7 years of experience. Has relevant certifications.
CAND_0000191,146,0.0,Strong semantic match (Score: 0.0) with 5.0 years of experience. Has relevant certifications. Reliable interview attendance record. High recruiter demand in the last 30 days.
CAND_0000004,147,0.0,Strong semantic match (Score: 0.0) with 3.8 years of experience. Has relevant certifications.
CAND_0000283,148,0.0,Strong semantic match (Score: 0.0) with 3.5 years of experience. Graduate of a top-tier institution.
CAND_0000413,149,0.0,Strong semantic match (Score: 0.0) with 14.0 years of experience. Exceptional open-source presence (GitHub score: 46.1). Has relevant certifications.
CAND_0000384,150,0.0,Strong semantic match (Score: 0.0) with 6.8 years of experience. Actively looking for new opportunities.
CAND_0000438,151,0.0,Strong semantic match (Score: 0.0) with 3.5 years of experience. Available to join almost immediately. Strong academic pedigree. Reliable interview attendance record.
CAND_0000429,152,0.0,Strong semantic match (Score: 0.0) with 2.7 years of experience. Reliable interview attendance record. High recruiter demand in the last 30 days.
CAND_0000393,153,0.0,Strong semantic match (Score: 0.0) with 3.0 years of experience. Available to join almost immediately. Graduate of a top-tier institution. Reliable interview attendance record.
CAND_0000006,154,0.0,Strong semantic match (Score: 0.0) with 6.0 years of experience.
CAND_0000225,155,0.0,Strong semantic match (Score: 0.0) with 5.0 years of experience. Actively looking for new opportunities. Reliable interview attendance record. High recruiter demand in the last 30 days.
CAND_0000464,156,0.0,Strong semantic match (Score: 0.0) with 11.7 years of experience. Exceptional open-source presence (GitHub score: 15.1). Has relevant certifications.
CAND_0000269,157,0.0,Strong semantic match (Score: 0.0) with 14.3 years of experience. Exceptional open-source presence (GitHub score: 19.0). Has relevant certifications.
CAND_0000069,158,0.0,Strong semantic match (Score: 0.0) with 13.0 years of experience. Actively looking for new opportunities.
CAND_0000344,159,0.0,Strong semantic match (Score: 0.0) with 2.5 years of experience. Exceptional open-source presence (GitHub score: 39.6). Has relevant certifications.
CAND_0000282,160,0.0,Strong semantic match (Score: 0.0) with 1.9 years of experience.
CAND_0000174,161,0.0,Strong semantic match (Score: 0.0) with 2.7 years of experience. Reliable interview attendance record.
CAND_0000371,162,0.0,Strong semantic match (Score: 0.0) with 15.0 years of experience. Actively looking for new opportunities.
CAND_0000378,163,0.0,Strong semantic match (Score: 0.0) with 3.0 years of experience. Reliable interview attendance record.
CAND_0000265,164,0.0,Strong semantic match (Score: 0.0) with 3.8 years of experience. Actively looking for new opportunities. Has relevant certifications. Reliable interview attendance record.
CAND_0000148,165,0.0,Strong semantic match (Score: 0.0) with 13.9 years of experience. Available to join almost immediately. Exceptional open-source presence (GitHub score: 43.2).
CAND_0000270,166,0.0,Strong semantic match (Score: 0.0) with 14.4 years of experience. Strong academic pedigree. High recruiter demand in the last 30 days.
CAND_0000179,167,0.0,Strong semantic match (Score: 0.0) with 3.2 years of experience. Actively looking for new opportunities. Strong academic pedigree.
CAND_0000153,168,0.0,Strong semantic match (Score: 0.0) with 3.8 years of experience. Available to join almost immediately. Exceptional open-source presence (GitHub score: 28.0). Actively looking for new opportunities.
CAND_0000401,169,0.0,Strong semantic match (Score: 0.0) with 7.7 years of experience. Strong academic pedigree.
CAND_0000003,170,0.0,Strong semantic match (Score: 0.0) with 1.1 years of experience. Reliable interview attendance record.
CAND_0000479,171,0.0,Strong semantic match (Score: 0.0) with 13.1 years of experience.
CAND_0000446,172,0.0,Strong semantic match (Score: 0.0) with 9.4 years of experience. Actively looking for new opportunities. Strong academic pedigree.
CAND_0000329,173,0.0,Strong semantic match (Score: 0.0) with 1.9 years of experience. Has relevant certifications.
CAND_0000368,174,0.0,Strong semantic match (Score: 0.0) with 5.2 years of experience. Strong academic pedigree.
CAND_0000070,175,0.0,Strong semantic match (Score: 0.0) with 4.2 years of experience.
CAND_0000016,176,0.0,Strong semantic match (Score: 0.0) with 5.3 years of experience. Exceptional open-source presence (GitHub score: 42.9). Actively looking for new opportunities.
CAND_0000351,177,0.0,Strong semantic match (Score: 0.0) with 5.0 years of experience. Available to join almost immediately. Strong academic pedigree.
CAND_0000028,178,0.0,Strong semantic match (Score: 0.0) with 1.1 years of experience. Has relevant certifications. Reliable interview attendance record.
CAND_0000480,179,0.0,Strong semantic match (Score: 0.0) with 5.9 years of experience.
CAND_0000253,180,0.0,Strong semantic match (Score: 0.0) with 6.1 years of experience.
CAND_0000092,181,0.0,Strong semantic match (Score: 0.0) with 4.8 years of experience.
CAND_0000129,182,0.0,Strong semantic match (Score: 0.0) with 8.0 years of experience. Strong academic pedigree.
CAND_0000242,183,0.0,Strong semantic match (Score: 0.0) with 9.1 years of experience. Available to join almost immediately. Actively looking for new opportunities. Has relevant certifications. Reliable interview attendance record.
CAND_0000083,184,0.0,Strong semantic match (Score: 0.0) with 6.7 years of experience. Exceptional open-source presence (GitHub score: 39.0). Has relevant certifications.
CAND_0000394,185,0.0,Strong semantic match (Score: 0.0) with 6.9 years of experience. Actively looking for new opportunities. Reliable interview attendance record. High recruiter demand in the last 30 days.
CAND_0000369,186,0.0,Strong semantic match (Score: 0.0) with 2.0 years of experience. Reliable interview attendance record.
CAND_0000203,187,0.0,Strong semantic match (Score: 0.0) with 4.0 years of experience. Available to join almost immediately. Has relevant certifications.
CAND_0000381,188,0.0,Strong semantic match (Score: 0.0) with 3.4 years of experience. High recruiter demand in the last 30 days.
CAND_0000312,189,0.0,Strong semantic match (Score: 0.0) with 11.5 years of experience.
CAND_0000289,190,0.0,Strong semantic match (Score: 0.0) with 13.3 years of experience. Strong academic pedigree.
CAND_0000355,191,0.0,Strong semantic match (Score: 0.0) with 12.0 years of experience.
CAND_0000411,192,0.0,Strong semantic match (Score: 0.0) with 2.8 years of experience. Strong academic pedigree. Reliable interview attendance record. High recruiter demand in the last 30 days.
CAND_0000457,193,0.0,Strong semantic match (Score: 0.0) with 2.4 years of experience. Exceptional open-source presence (GitHub score: 50.0). Graduate of a top-tier institution.
CAND_0000178,194,0.0,Strong semantic match (Score: 0.0) with 8.3 years of experience. Actively looking for new opportunities.
CAND_0000142,195,0.0,Strong semantic match (Score: 0.0) with 5.1 years of experience. Actively looking for new opportunities. Has relevant certifications. High recruiter demand in the last 30 days.
CAND_0000164,196,0.0,Strong semantic match (Score: 0.0) with 3.7 years of experience. Has relevant certifications.
CAND_0000287,197,0.0,Strong semantic match (Score: 0.0) with 6.2 years of experience. Exceptional open-source presence (GitHub score: 45.5). Strong academic pedigree. Reliable interview attendance record.
CAND_0000049,198,0.0,Strong semantic match (Score: 0.0) with 11.8 years of experience.
CAND_0000326,199,0.0,Strong semantic match (Score: 0.0) with 2.8 years of experience. Strong academic pedigree. High recruiter demand in the last 30 days.
CAND_0000212,200,0.0,Strong semantic match (Score: 0.0) with 13.0 years of experience. Available to join almost immediately. Actively looking for new opportunities.
CAND_0000011,201,0.0,Strong semantic match (Score: 0.0) with 2.0 years of experience. Exceptional open-source presence (GitHub score: 32.3). Strong academic pedigree. Has relevant certifications. High recruiter demand in the last 30 days.
CAND_0000425,202,0.0,Strong semantic match (Score: 0.0) with 9.5 years of experience. Has relevant certifications.
CAND_0000450,203,0.0,Strong semantic match (Score: 0.0) with 3.5 years of experience. Has relevant certifications. Reliable interview attendance record.
CAND_0000100,204,0.0,Strong semantic match (Score: 0.0) with 13.5 years of experience. Actively looking for new opportunities. Has relevant certifications.
CAND_0000477,205,0.0,Strong semantic match (Score: 0.0) with 3.3 years of experience. Actively looking for new opportunities. Strong academic pedigree. Reliable interview attendance record.
CAND_0000241,206,0.0,Strong semantic match (Score: 0.0) with 7.7 years of experience. Strong academic pedigree.
CAND_0000391,207,0.0,Strong semantic match (Score: 0.0) with 3.6 years of experience. Actively looking for new opportunities. Strong academic pedigree.
CAND_0000423,208,0.0,Strong semantic match (Score: 0.0) with 3.6 years of experience. Actively looking for new opportunities. Strong academic pedigree. Has relevant certifications. Reliable interview attendance record.
CAND_0000455,209,0.0,Strong semantic match (Score: 0.0) with 12.5 years of experience. Exceptional open-source presence (GitHub score: 28.4). Strong academic pedigree. Has relevant certifications. Reliable interview attendance record.
CAND_0000277,210,0.0,Strong semantic match (Score: 0.0) with 2.1 years of experience. Exceptional open-source presence (GitHub score: 58.5). Strong academic pedigree.
CAND_0000250,211,0.0,Strong semantic match (Score: 0.0) with 3.7 years of experience. Actively looking for new opportunities.
CAND_0000234,212,0.0,Strong semantic match (Score: 0.0) with 1.4 years of experience. Highly responsive to recruiter outreach. Actively looking for new opportunities. Has relevant certifications. High recruiter demand in the last 30 days.
CAND_0000276,213,0.0,Strong semantic match (Score: 0.0) with 1.6 years of experience. Actively looking for new opportunities. Strong academic pedigree. Has relevant certifications.
CAND_0000036,214,0.0,Strong semantic match (Score: 0.0) with 11.3 years of experience. Actively looking for new opportunities. Reliable interview attendance record.
CAND_0000410,215,0.0,Strong semantic match (Score: 0.0) with 10.1 years of experience. Available to join almost immediately. Actively looking for new opportunities.
CAND_0000315,216,0.0,Strong semantic match (Score: 0.0) with 3.1 years of experience. Actively looking for new opportunities. High recruiter demand in the last 30 days.
CAND_0000087,217,0.0,Strong semantic match (Score: 0.0) with 2.5 years of experience. Exceptional open-source presence (GitHub score: 34.0). Actively looking for new opportunities.
CAND_0000421,218,0.0,Strong semantic match (Score: 0.0) with 4.5 years of experience.
CAND_0000468,219,0.0,Strong semantic match (Score: 0.0) with 5.0 years of experience. Exceptional open-source presence (GitHub score: 28.8). Actively looking for new opportunities.
CAND_0000175,220,0.0,Strong semantic match (Score: 0.0) with 3.7 years of experience. Strong academic pedigree.
CAND_0000374,221,0.0,Strong semantic match (Score: 0.0) with 4.4 years of experience. Actively looking for new opportunities. Graduate of a top-tier institution. Reliable interview attendance record.
CAND_0000150,222,0.0,Strong semantic match (Score: 0.0) with 5.4 years of experience. Available to join almost immediately.
CAND_0000109,223,0.0,Strong semantic match (Score: 0.0) with 2.2 years of experience. Has relevant certifications.
CAND_0000149,224,0.0,Strong semantic match (Score: 0.0) with 14.9 years of experience. Available to join almost immediately.
CAND_0000498,225,0.0,Strong semantic match (Score: 0.0) with 10.7 years of experience. Exceptional open-source presence (GitHub score: 43.7). Has relevant certifications.
CAND_0000257,226,0.0,Strong semantic match (Score: 0.0) with 1.1 years of experience. Has relevant certifications.
CAND_0000399,227,0.0,Strong semantic match (Score: 0.0) with 12.9 years of experience.
CAND_0000362,228,0.0,Strong semantic match (Score: 0.0) with 5.4 years of experience. Actively looking for new opportunities.
CAND_0000022,229,0.0,Strong semantic match (Score: 0.0) with 1.1 years of experience. Actively looking for new opportunities. Strong academic pedigree. Has relevant certifications.
CAND_0000403,230,0.0,Strong semantic match (Score: 0.0) with 5.3 years of experience. Graduate of a top-tier institution. Has relevant certifications.
CAND_0000467,231,0.0,Strong semantic match (Score: 0.0) with 2.2 years of experience. Actively looking for new opportunities. Reliable interview attendance record. High recruiter demand in the last 30 days.
CAND_0000460,232,0.0,Strong semantic match (Score: 0.0) with 12.2 years of experience. Has relevant certifications.
CAND_0000375,233,0.0,Strong semantic match (Score: 0.0) with 1.9 years of experience. Strong academic pedigree.
CAND_0000059,234,0.0,Strong semantic match (Score: 0.0) with 1.5 years of experience.
CAND_0000019,235,0.0,Strong semantic match (Score: 0.0) with 6.5 years of experience. Graduate of a top-tier institution.
CAND_0000215,236,0.0,Strong semantic match (Score: 0.0) with 7.9 years of experience.
CAND_0000474,237,0.0,Strong semantic match (Score: 0.0) with 8.8 years of experience. Exceptional open-source presence (GitHub score: 20.0). Has relevant certifications. High recruiter demand in the last 30 days.
CAND_0000366,238,0.0,Strong semantic match (Score: 0.0) with 1.7 years of experience. Available to join almost immediately. Actively looking for new opportunities. Strong academic pedigree.
CAND_0000034,239,0.0,Strong semantic match (Score: 0.0) with 14.5 years of experience.
CAND_0000373,240,0.0,Strong semantic match (Score: 0.0) with 3.8 years of experience. Available to join almost immediately. Actively looking for new opportunities. Strong academic pedigree. Has relevant certifications.
CAND_0000409,241,0.0,Strong semantic match (Score: 0.0) with 2.8 years of experience. Actively looking for new opportunities. Reliable interview attendance record.
CAND_0000462,242,0.0,Strong semantic match (Score: 0.0) with 2.1 years of experience. Actively looking for new opportunities. Has relevant certifications.
CAND_0000491,243,0.0,Strong semantic match (Score: 0.0) with 14.1 years of experience. Has relevant certifications.
CAND_0000186,244,0.0,Strong semantic match (Score: 0.0) with 12.4 years of experience. Exceptional open-source presence (GitHub score: 42.8). Actively looking for new opportunities.
CAND_0000220,245,0.0,Strong semantic match (Score: 0.0) with 10.9 years of experience. Reliable interview attendance record.
CAND_0000068,246,0.0,Strong semantic match (Score: 0.0) with 1.5 years of experience. Available to join almost immediately. Exceptional open-source presence (GitHub score: 20.2). Actively looking for new opportunities. Has relevant certifications. Reliable interview attendance record.
CAND_0000419,247,0.0,Strong semantic match (Score: 0.0) with 7.4 years of experience. Available to join almost immediately.
CAND_0000101,248,0.0,Strong semantic match (Score: 0.0) with 7.0 years of experience. Graduate of a top-tier institution. Reliable interview attendance record.
CAND_0000113,249,0.0,Strong semantic match (Score: 0.0) with 1.8 years of experience. Actively looking for new opportunities. Reliable interview attendance record. High recruiter demand in the last 30 days.
CAND_0000473,250,0.0,Strong semantic match (Score: 0.0) with 6.5 years of experience. Actively looking for new opportunities. Has relevant certifications.
CAND_0000427,251,0.0,Strong semantic match (Score: 0.0) with 2.6 years of experience. Exceptional open-source presence (GitHub score: 64.1). Actively looking for new opportunities. Strong academic pedigree. Reliable interview attendance record.
CAND_0000197,252,0.0,Strong semantic match (Score: 0.0) with 7.2 years of experience. Exceptional open-source presence (GitHub score: 31.2). Strong academic pedigree.
CAND_0000274,253,0.0,Strong semantic match (Score: 0.0) with 3.0 years of experience. Actively looking for new opportunities. Has relevant certifications. High recruiter demand in the last 30 days.
CAND_0000367,254,0.0,Strong semantic match (Score: 0.0) with 8.5 years of experience.
CAND_0000230,255,0.0,Strong semantic match (Score: 0.0) with 1.9 years of experience. Exceptional open-source presence (GitHub score: 36.4). Strong academic pedigree. Has relevant certifications.
CAND_0000140,256,0.0,Strong semantic match (Score: 0.0) with 8.1 years of experience. Actively looking for new opportunities.
CAND_0000240,257,0.0,Strong semantic match (Score: 0.0) with 13.3 years of experience. Available to join almost immediately. Actively looking for new opportunities.
CAND_0000098,258,0.0,Strong semantic match (Score: 0.0) with 1.7 years of experience. Available to join almost immediately. Actively looking for new opportunities. Strong academic pedigree.
CAND_0000435,259,0.0,Strong semantic match (Score: 0.0) with 14.9 years of experience. Reliable interview attendance record.
CAND_0000026,260,0.0,Strong semantic match (Score: 0.0) with 6.8 years of experience. Available to join almost immediately. High recruiter demand in the last 30 days.
CAND_0000097,261,0.0,Strong semantic match (Score: 0.0) with 5.8 years of experience. Available to join almost immediately. Has relevant certifications.
CAND_0000336,262,0.0,Strong semantic match (Score: 0.0) with 4.9 years of experience. Reliable interview attendance record. High recruiter demand in the last 30 days.
CAND_0000337,263,0.0,Strong semantic match (Score: 0.0) with 10.6 years of experience. Strong academic pedigree.
CAND_0000297,264,0.0,Strong semantic match (Score: 0.0) with 6.5 years of experience. Strong academic pedigree. Has relevant certifications.
CAND_0000145,265,0.0,Strong semantic match (Score: 0.0) with 3.4 years of experience.
CAND_0000416,266,0.0,Strong semantic match (Score: 0.0) with 2.4 years of experience. Graduate of a top-tier institution. Reliable interview attendance record.
CAND_0000151,267,0.0,Strong semantic match (Score: 0.0) with 6.3 years of experience. Exceptional open-source presence (GitHub score: 23.9).
CAND_0000084,268,0.0,Strong semantic match (Score: 0.0) with 10.6 years of experience. Actively looking for new opportunities. Has relevant certifications.
CAND_0000332,269,0.0,Strong semantic match (Score: 0.0) with 5.4 years of experience.
CAND_0000121,270,0.0,Strong semantic match (Score: 0.0) with 3.7 years of experience. Available to join almost immediately. Strong academic pedigree. Has relevant certifications.
CAND_0000449,271,0.0,Strong semantic match (Score: 0.0) with 4.6 years of experience. Available to join almost immediately.
CAND_0000114,272,0.0,Strong semantic match (Score: 0.0) with 14.3 years of experience. Actively looking for new opportunities. Has relevant certifications.
CAND_0000106,273,0.0,Strong semantic match (Score: 0.0) with 6.6 years of experience. Has relevant certifications.
CAND_0000437,274,0.0,Strong semantic match (Score: 0.0) with 11.9 years of experience.
CAND_0000484,275,0.0,Strong semantic match (Score: 0.0) with 9.7 years of experience.
CAND_0000290,276,0.0,Strong semantic match (Score: 0.0) with 2.3 years of experience. Available to join almost immediately.
CAND_0000258,277,0.0,Strong semantic match (Score: 0.0) with 11.3 years of experience. Reliable interview attendance record.
CAND_0000137,278,0.0,Strong semantic match (Score: 0.0) with 10.9 years of experience. Exceptional open-source presence (GitHub score: 43.9). Actively looking for new opportunities.
CAND_0000481,279,0.0,Strong semantic match (Score: 0.0) with 4.6 years of experience. Has relevant certifications.
CAND_0000319,280,0.0,Strong semantic match (Score: 0.0) with 7.4 years of experience. Available to join almost immediately. Highly responsive to recruiter outreach. Actively looking for new opportunities.
CAND_0000245,281,0.0,Strong semantic match (Score: 0.0) with 1.9 years of experience.
CAND_0000080,282,0.0,Strong semantic match (Score: 0.0) with 8.3 years of experience. Actively looking for new opportunities. Graduate of a top-tier institution. Reliable interview attendance record.
CAND_0000353,283,0.0,Strong semantic match (Score: 0.0) with 3.7 years of experience. Exceptional open-source presence (GitHub score: 49.1). Actively looking for new opportunities.
CAND_0000459,284,0.0,Strong semantic match (Score: 0.0) with 7.9 years of experience. Available to join almost immediately. Actively looking for new opportunities. Reliable interview attendance record.
CAND_0000074,285,0.0,Strong semantic match (Score: 0.0) with 1.9 years of experience. Reliable interview attendance record.
CAND_0000451,286,0.0,Strong semantic match (Score: 0.0) with 8.2 years of experience.
CAND_0000340,287,0.0,Strong semantic match (Score: 0.0) with 11.7 years of experience. Available to join almost immediately.
CAND_0000314,288,0.0,Strong semantic match (Score: 0.0) with 11.7 years of experience. Actively looking for new opportunities.
CAND_0000328,289,0.0,Strong semantic match (Score: 0.0) with 11.7 years of experience. Exceptional open-source presence (GitHub score: 22.5).
CAND_0000218,290,0.0,Strong semantic match (Score: 0.0) with 6.2 years of experience. Scored exceptionally on platform assessments (66.1/100).
CAND_0000361,291,0.0,Strong semantic match (Score: 0.0) with 10.2 years of experience. Exceptional open-source presence (GitHub score: 49.8). Actively looking for new opportunities.
CAND_0000144,292,0.0,Strong semantic match (Score: 0.0) with 14.7 years of experience. Actively looking for new opportunities. Strong academic pedigree. Reliable interview attendance record.
CAND_0000167,293,0.0,Strong semantic match (Score: 0.0) with 9.1 years of experience. Exceptional open-source presence (GitHub score: 44.6). Highly responsive to recruiter outreach.
CAND_0000107,294,0.0,Strong semantic match (Score: 0.0) with 11.5 years of experience.
CAND_0000007,295,0.0,Strong semantic match (Score: 0.0) with 5.5 years of experience. Available to join almost immediately. Strong academic pedigree.
CAND_0000320,296,0.0,Strong semantic match (Score: 0.0) with 8.0 years of experience. Strong academic pedigree.
CAND_0000389,297,0.0,Strong semantic match (Score: 0.0) with 5.4 years of experience. Reliable interview attendance record.
CAND_0000325,298,0.0,Strong semantic match (Score: 0.0) with 6.7 years of experience. Strong academic pedigree.
CAND_0000122,299,0.0,Strong semantic match (Score: 0.0) with 9.7 years of experience. Reliable interview attendance record.
CAND_0000388,300,0.0,Strong semantic match (Score: 0.0) with 6.0 years of experience.
CAND_0000465,301,0.0,Strong semantic match (Score: 0.0) with 11.2 years of experience. Has relevant certifications. Reliable interview attendance record.
CAND_0000143,302,0.0,Strong semantic match (Score: 0.0) with 7.7 years of experience. Actively looking for new opportunities.
CAND_0000342,303,0.0,Strong semantic match (Score: 0.0) with 13.2 years of experience. Strong academic pedigree.
CAND_0000073,304,0.0,Strong semantic match (Score: 0.0) with 12.1 years of experience.
CAND_0000441,305,0.0,Strong semantic match (Score: 0.0) with 7.5 years of experience. Strong academic pedigree.
CAND_0000118,306,0.0,Strong semantic match (Score: 0.0) with 7.2 years of experience.
CAND_0000303,307,0.0,Strong semantic match (Score: 0.0) with 2.3 years of experience.
CAND_0000335,308,0.0,Strong semantic match (Score: 0.0) with 4.0 years of experience.
CAND_0000126,309,0.0,Strong semantic match (Score: 0.0) with 2.5 years of experience. Reliable interview attendance record.
CAND_0000327,310,0.0,Strong semantic match (Score: 0.0) with 9.6 years of experience. Actively looking for new opportunities. Strong academic pedigree.
CAND_0000324,311,0.0,Strong semantic match (Score: 0.0) with 2.7 years of experience. Actively looking for new opportunities. Strong academic pedigree. Reliable interview attendance record.
CAND_0000248,312,0.0,Strong semantic match (Score: 0.0) with 4.1 years of experience. Graduate of a top-tier institution.
CAND_0000180,313,0.0,Strong semantic match (Score: 0.0) with 8.5 years of experience.
CAND_0000299,314,0.0,Strong semantic match (Score: 0.0) with 10.1 years of experience. Strong academic pedigree.
CAND_0000207,315,0.0,Strong semantic match (Score: 0.0) with 5.4 years of experience.
CAND_0000407,316,0.0,Strong semantic match (Score: 0.0) with 1.1 years of experience. Exceptional open-source presence (GitHub score: 16.0). Reliable interview attendance record.
CAND_0000125,317,0.0,Strong semantic match (Score: 0.0) with 6.5 years of experience. Actively looking for new opportunities. Has relevant certifications.
CAND_0000219,318,0.0,Strong semantic match (Score: 0.0) with 14.9 years of experience. Strong academic pedigree.
CAND_0000221,319,0.0,Strong semantic match (Score: 0.0) with 2.7 years of experience. Exceptional open-source presence (GitHub score: 47.5).
CAND_0000264,320,0.0,Strong semantic match (Score: 0.0) with 2.9 years of experience. Scored exceptionally on platform assessments (70.7/100). Reliable interview attendance record.
CAND_0000322,321,0.0,Strong semantic match (Score: 0.0) with 12.0 years of experience. Available to join almost immediately. Graduate of a top-tier institution. Has relevant certifications.
CAND_0000204,322,0.0,Strong semantic match (Score: 0.0) with 3.5 years of experience. Exceptional open-source presence (GitHub score: 42.6).
CAND_0000380,323,0.0,Strong semantic match (Score: 0.0) with 2.1 years of experience. Actively looking for new opportunities.
CAND_0000259,324,0.0,Strong semantic match (Score: 0.0) with 6.7 years of experience. Exceptional open-source presence (GitHub score: 24.6). Highly responsive to recruiter outreach.
CAND_0000046,325,0.0,Strong semantic match (Score: 0.0) with 7.8 years of experience. Available to join almost immediately. Exceptional open-source presence (GitHub score: 20.9).
CAND_0000039,326,0.0,Strong semantic match (Score: 0.0) with 3.9 years of experience. Available to join almost immediately.
CAND_0000103,327,0.0,Strong semantic match (Score: 0.0) with 11.7 years of experience. Actively looking for new opportunities. Strong academic pedigree.
CAND_0000040,328,0.0,Strong semantic match (Score: 0.0) with 1.6 years of experience. Reliable interview attendance record.
CAND_0000146,329,0.0,Strong semantic match (Score: 0.0) with 6.6 years of experience. Reliable interview attendance record.
CAND_0000296,330,0.0,Strong semantic match (Score: 0.0) with 6.5 years of experience. Reliable interview attendance record.
CAND_0000156,331,0.0,Strong semantic match (Score: 0.0) with 5.5 years of experience. Available to join almost immediately. Actively looking for new opportunities. Has relevant certifications. Reliable interview attendance record.
CAND_0000492,332,0.0,Strong semantic match (Score: 0.0) with 14.2 years of experience. Available to join almost immediately. Actively looking for new opportunities.
CAND_0000085,333,0.0,Strong semantic match (Score: 0.0) with 12.9 years of experience. Highly responsive to recruiter outreach. Has relevant certifications.
CAND_0000476,334,0.0,Strong semantic match (Score: 0.0) with 2.9 years of experience. Available to join almost immediately. Exceptional open-source presence (GitHub score: 30.0). Graduate of a top-tier institution. Reliable interview attendance record.
CAND_0000115,335,0.0,Strong semantic match (Score: 0.0) with 7.8 years of experience.
CAND_0000078,336,0.0,Strong semantic match (Score: 0.0) with 10.3 years of experience.
CAND_0000017,337,0.0,Strong semantic match (Score: 0.0) with 12.3 years of experience. Has relevant certifications.
CAND_0000428,338,0.0,Strong semantic match (Score: 0.0) with 14.1 years of experience. Actively looking for new opportunities.
CAND_0000301,339,0.0,Strong semantic match (Score: 0.0) with 1.9 years of experience.
CAND_0000237,340,0.0,Strong semantic match (Score: 0.0) with 14.9 years of experience. Has relevant certifications.
CAND_0000495,341,0.0,Strong semantic match (Score: 0.0) with 1.8 years of experience. Exceptional open-source presence (GitHub score: 40.2). Actively looking for new opportunities. Strong academic pedigree.
CAND_0000475,342,0.0,Strong semantic match (Score: 0.0) with 6.8 years of experience. Has relevant certifications.
CAND_0000387,343,0.0,Strong semantic match (Score: 0.0) with 10.4 years of experience. Graduate of a top-tier institution.
CAND_0000041,344,0.0,Strong semantic match (Score: 0.0) with 13.7 years of experience. Actively looking for new opportunities. Reliable interview attendance record.
CAND_0000139,345,0.0,Strong semantic match (Score: 0.0) with 5.6 years of experience. Exceptional open-source presence (GitHub score: 33.1). Has relevant certifications.
CAND_0000396,346,0.0,Strong semantic match (Score: 0.0) with 5.6 years of experience. Available to join almost immediately. Exceptional open-source presence (GitHub score: 30.6). Strong academic pedigree. Has relevant certifications.
CAND_0000304,347,0.0,Strong semantic match (Score: 0.0) with 3.7 years of experience. Exceptional open-source presence (GitHub score: 37.6).
CAND_0000286,348,0.0,Strong semantic match (Score: 0.0) with 9.0 years of experience. Reliable interview attendance record.
CAND_0000392,349,0.0,Strong semantic match (Score: 0.0) with 14.7 years of experience. Actively looking for new opportunities. High recruiter demand in the last 30 days.
CAND_0000339,350,0.0,Strong semantic match (Score: 0.0) with 1.6 years of experience. Exceptional open-source presence (GitHub score: 18.5). Actively looking for new opportunities. Strong academic pedigree.
CAND_0000323,351,0.0,Strong semantic match (Score: 0.0) with 14.4 years of experience. Actively looking for new opportunities. Graduate of a top-tier institution.
CAND_0000105,352,0.0,Strong semantic match (Score: 0.0) with 12.0 years of experience. Actively looking for new opportunities. Strong academic pedigree.
CAND_0000433,353,0.0,Strong semantic match (Score: 0.0) with 10.4 years of experience. Exceptional open-source presence (GitHub score: 41.7). Strong academic pedigree. Has relevant certifications.
CAND_0000231,354,0.0,Strong semantic match (Score: 0.0) with 6.9 years of experience. Exceptional open-source presence (GitHub score: 25.5). Actively looking for new opportunities. Has relevant certifications.
CAND_0000293,355,0.0,Strong semantic match (Score: 0.0) with 10.3 years of experience. Actively looking for new opportunities. Strong academic pedigree.
CAND_0000341,356,0.0,Strong semantic match (Score: 0.0) with 12.4 years of experience. Exceptional open-source presence (GitHub score: 43.0). Strong academic pedigree. Has relevant certifications.
CAND_0000278,357,0.0,Strong semantic match (Score: 0.0) with 1.9 years of experience. Available to join almost immediately. Strong academic pedigree. Has relevant certifications. Reliable interview attendance record.
CAND_0000135,358,0.0,Strong semantic match (Score: 0.0) with 8.2 years of experience. Actively looking for new opportunities.
CAND_0000385,359,0.0,Strong semantic match (Score: 0.0) with 10.9 years of experience. Actively looking for new opportunities.
CAND_0000272,360,0.0,Strong semantic match (Score: 0.0) with 14.8 years of experience. Actively looking for new opportunities. Reliable interview attendance record.
CAND_0000382,361,0.0,Strong semantic match (Score: 0.0) with 8.2 years of experience. Actively looking for new opportunities.
CAND_0000267,362,0.0,Strong semantic match (Score: 0.0) with 3.3 years of experience. Exceptional open-source presence (GitHub score: 22.8). Actively looking for new opportunities. Strong academic pedigree.
CAND_0000157,363,0.0,Strong semantic match (Score: 0.0) with 3.1 years of experience. Has relevant certifications.
CAND_0000199,364,0.0,Strong semantic match (Score: 0.0) with 3.6 years of experience. Graduate of a top-tier institution.
CAND_0000499,365,0.0,Strong semantic match (Score: 0.0) with 11.0 years of experience. Available to join almost immediately. Exceptional open-source presence (GitHub score: 48.9). Actively looking for new opportunities. Reliable interview attendance record.
CAND_0000357,366,0.0,Strong semantic match (Score: 0.0) with 7.7 years of experience. Exceptional open-source presence (GitHub score: 18.7). Actively looking for new opportunities. Graduate of a top-tier institution.
CAND_0000222,367,0.0,Strong semantic match (Score: 0.0) with 11.1 years of experience. Available to join almost immediately. Exceptional open-source presence (GitHub score: 27.9). Actively looking for new opportunities. Strong academic pedigree. Reliable interview attendance record.
CAND_0000309,368,0.0,Strong semantic match (Score: 0.0) with 9.4 years of experience. Available to join almost immediately. Strong academic pedigree.
CAND_0000383,369,0.0,Strong semantic match (Score: 0.0) with 3.7 years of experience. Graduate of a top-tier institution.
CAND_0000347,370,0.0,Strong semantic match (Score: 0.0) with 6.2 years of experience. Strong academic pedigree.
CAND_0000081,371,0.0,Strong semantic match (Score: 0.0) with 10.1 years of experience.
CAND_0000050,372,0.0,Strong semantic match (Score: 0.0) with 13.5 years of experience. Exceptional open-source presence (GitHub score: 44.7). Graduate of a top-tier institution.
CAND_0000008,373,0.0,Strong semantic match (Score: 0.0) with 3.6 years of experience. Strong academic pedigree. Has relevant certifications.
CAND_0000294,374,0.0,Strong semantic match (Score: 0.0) with 8.6 years of experience. Actively looking for new opportunities. Graduate of a top-tier institution.
CAND_0000170,375,0.0,Strong semantic match (Score: 0.0) with 4.8 years of experience. Actively looking for new opportunities. Reliable interview attendance record.
CAND_0000233,376,0.0,Strong semantic match (Score: 0.0) with 12.5 years of experience. Actively looking for new opportunities.
CAND_0000310,377,0.0,Strong semantic match (Score: 0.0) with 5.6 years of experience. Available to join almost immediately. Exceptional open-source presence (GitHub score: 13.7). Strong academic pedigree.
CAND_0000192,378,0.0,Strong semantic match (Score: 0.0) with 5.1 years of experience. Exceptional open-source presence (GitHub score: 17.5). Strong academic pedigree. Has relevant certifications.
CAND_0000247,379,0.0,Strong semantic match (Score: 0.0) with 10.2 years of experience. Highly responsive to recruiter outreach. Actively looking for new opportunities.
CAND_0000308,380,0.0,Strong semantic match (Score: 0.0) with 2.0 years of experience. Has relevant certifications.
CAND_0000488,381,0.0,Strong semantic match (Score: 0.0) with 9.2 years of experience. Exceptional open-source presence (GitHub score: 25.0).
CAND_0000020,382,0.0,Strong semantic match (Score: 0.0) with 6.3 years of experience. Available to join almost immediately. Graduate of a top-tier institution. Has relevant certifications.
CAND_0000177,383,0.0,Strong semantic match (Score: 0.0) with 12.2 years of experience. Exceptional open-source presence (GitHub score: 14.9). Strong academic pedigree. Has relevant certifications.
CAND_0000485,384,0.0,Strong semantic match (Score: 0.0) with 4.5 years of experience.
CAND_0000053,385,0.0,Strong semantic match (Score: 0.0) with 3.9 years of experience. Exceptional open-source presence (GitHub score: 30.2).
CAND_0000471,386,0.0,Strong semantic match (Score: 0.0) with 2.1 years of experience. Actively looking for new opportunities.
CAND_0000486,387,0.0,Strong semantic match (Score: 0.0) with 7.8 years of experience. Available to join almost immediately. Exceptional open-source presence (GitHub score: 45.4).
CAND_0000079,388,0.0,Strong semantic match (Score: 0.0) with 13.2 years of experience. Actively looking for new opportunities. Strong academic pedigree.
CAND_0000154,389,0.0,Strong semantic match (Score: 0.0) with 9.9 years of experience. Actively looking for new opportunities. Reliable interview attendance record.
CAND_0000057,390,0.0,Strong semantic match (Score: 0.0) with 3.3 years of experience. Strong academic pedigree. High recruiter demand in the last 30 days.
CAND_0000350,391,0.0,Strong semantic match (Score: 0.0) with 4.8 years of experience.
CAND_0000002,392,0.0,Strong semantic match (Score: 0.0) with 12.5 years of experience. Actively looking for new opportunities.
CAND_0000316,393,0.0,Strong semantic match (Score: 0.0) with 12.8 years of experience. Reliable interview attendance record.
CAND_0000065,394,0.0,Strong semantic match (Score: 0.0) with 9.7 years of experience. Actively looking for new opportunities.
CAND_0000217,395,0.0,Strong semantic match (Score: 0.0) with 4.5 years of experience. Actively looking for new opportunities. Has relevant certifications. Reliable interview attendance record.
CAND_0000291,396,0.0,Strong semantic match (Score: 0.0) with 12.9 years of experience. Has relevant certifications.
CAND_0000013,397,0.0,Strong semantic match (Score: 0.0) with 1.1 years of experience. Available to join almost immediately. Exceptional open-source presence (GitHub score: 35.6). Actively looking for new opportunities. Strong academic pedigree.
CAND_0000201,398,0.0,Strong semantic match (Score: 0.0) with 14.1 years of experience. Exceptional open-source presence (GitHub score: 42.1). Reliable interview attendance record.
CAND_0000376,399,0.0,Strong semantic match (Score: 0.0) with 14.2 years of experience. Available to join almost immediately. Actively looking for new opportunities.
CAND_0000402,400,0.0,Strong semantic match (Score: 0.0) with 12.6 years of experience. Graduate of a top-tier institution.
CAND_0000365,401,0.0,Strong semantic match (Score: 0.0) with 7.4 years of experience. Has relevant certifications.
CAND_0000252,402,0.0,Strong semantic match (Score: 0.0) with 3.0 years of experience. Exceptional open-source presence (GitHub score: 25.0). Scored exceptionally on platform assessments (70.6/100).
CAND_0000141,403,0.0,Strong semantic match (Score: 0.0) with 1.5 years of experience. Has relevant certifications. Reliable interview attendance record.
CAND_0000281,404,0.0,Strong semantic match (Score: 0.0) with 1.5 years of experience. Exceptional open-source presence (GitHub score: 12.0). Reliable interview attendance record.
CAND_0000093,405,0.0,Strong semantic match (Score: 0.0) with 8.2 years of experience. Exceptional open-source presence (GitHub score: 20.1). Actively looking for new opportunities. Strong academic pedigree.
CAND_0000012,406,0.0,Strong semantic match (Score: 0.0) with 1.1 years of experience.
CAND_0000123,407,0.0,Strong semantic match (Score: 0.0) with 10.0 years of experience.
CAND_0000436,408,0.0,Strong semantic match (Score: 0.0) with 8.8 years of experience. Exceptional open-source presence (GitHub score: 21.5).
CAND_0000045,409,0.0,Strong semantic match (Score: 0.0) with 12.2 years of experience. Actively looking for new opportunities. Has relevant certifications.
CAND_0000500,410,0.0,Strong semantic match (Score: 0.0) with 7.5 years of experience. Actively looking for new opportunities. Graduate of a top-tier institution. Has relevant certifications. Reliable interview attendance record.
CAND_0000246,411,0.0,Strong semantic match (Score: 0.0) with 4.6 years of experience. Actively looking for new opportunities.
CAND_0000194,412,0.0,Strong semantic match (Score: 0.0) with 1.8 years of experience.
CAND_0000300,413,0.0,Strong semantic match (Score: 0.0) with 8.5 years of experience.
CAND_0000349,414,0.0,Strong semantic match (Score: 0.0) with 11.0 years of experience. Exceptional open-source presence (GitHub score: 13.4). Highly responsive to recruiter outreach. Actively looking for new opportunities. Strong academic pedigree. Has relevant certifications.
CAND_0000009,415,0.0,Strong semantic match (Score: 0.0) with 11.0 years of experience.
CAND_0000346,416,0.0,Strong semantic match (Score: 0.0) with 4.6 years of experience.
CAND_0000037,417,0.0,Strong semantic match (Score: 0.0) with 14.3 years of experience. Available to join almost immediately. Highly responsive to recruiter outreach. Has relevant certifications. Reliable interview attendance record.
CAND_0000189,418,0.0,Strong semantic match (Score: 0.0) with 3.7 years of experience. Available to join almost immediately. Strong academic pedigree. Has relevant certifications. Reliable interview attendance record.
CAND_0000470,419,0.0,Strong semantic match (Score: 0.0) with 14.2 years of experience. Highly responsive to recruiter outreach.
CAND_0000042,420,0.0,Strong semantic match (Score: 0.0) with 5.0 years of experience. Available to join almost immediately. Has relevant certifications.
CAND_0000363,421,0.0,Strong semantic match (Score: 0.0) with 2.1 years of experience.
CAND_0000448,422,0.0,Strong semantic match (Score: 0.0) with 13.9 years of experience. Actively looking for new opportunities. High recruiter demand in the last 30 days.
CAND_0000232,423,0.0,Strong semantic match (Score: 0.0) with 4.3 years of experience. Available to join almost immediately. Exceptional open-source presence (GitHub score: 19.3).
CAND_0000030,424,0.0,Strong semantic match (Score: 0.0) with 10.0 years of experience. Exceptional open-source presence (GitHub score: 21.7).
CAND_0000497,425,0.0,Strong semantic match (Score: 0.0) with 1.6 years of experience. Actively looking for new opportunities. Strong academic pedigree. Reliable interview attendance record.
CAND_0000235,426,0.0,Strong semantic match (Score: 0.0) with 10.4 years of experience. Available to join almost immediately. Exceptional open-source presence (GitHub score: 22.5). Reliable interview attendance record.
CAND_0000493,427,0.0,Strong semantic match (Score: 0.0) with 5.5 years of experience. Highly responsive to recruiter outreach. Actively looking for new opportunities. Reliable interview attendance record.
CAND_0000432,428,0.0,Strong semantic match (Score: 0.0) with 4.8 years of experience. Available to join almost immediately.
CAND_0000496,429,0.0,Strong semantic match (Score: 0.0) with 9.8 years of experience. Actively looking for new opportunities.
CAND_0000356,430,0.0,Strong semantic match (Score: 0.0) with 1.6 years of experience. Exceptional open-source presence (GitHub score: 31.4). Strong academic pedigree. Has relevant certifications.
CAND_0000183,431,0.0,Strong semantic match (Score: 0.0) with 3.9 years of experience. Actively looking for new opportunities.
CAND_0000430,432,0.0,Strong semantic match (Score: 0.0) with 9.3 years of experience. Exceptional open-source presence (GitHub score: 20.4). Actively looking for new opportunities.
CAND_0000172,433,0.0,Strong semantic match (Score: 0.0) with 10.9 years of experience. Reliable interview attendance record.
CAND_0000171,434,0.0,Strong semantic match (Score: 0.0) with 2.9 years of experience.
CAND_0000176,435,0.0,Strong semantic match (Score: 0.0) with 4.5 years of experience. Graduate of a top-tier institution. Reliable interview attendance record.
CAND_0000456,436,0.0,Strong semantic match (Score: 0.0) with 11.2 years of experience. Highly responsive to recruiter outreach. Has relevant certifications.
CAND_0000444,437,0.0,Strong semantic match (Score: 0.0) with 14.3 years of experience. Actively looking for new opportunities. Strong academic pedigree. Has relevant certifications.
CAND_0000163,438,0.0,Strong semantic match (Score: 0.0) with 12.3 years of experience. Exceptional open-source presence (GitHub score: 12.6). Strong academic pedigree. Has relevant certifications.
CAND_0000224,439,0.0,Strong semantic match (Score: 0.0) with 4.1 years of experience. Graduate of a top-tier institution. Reliable interview attendance record.
CAND_0000052,440,0.0,Strong semantic match (Score: 0.0) with 1.4 years of experience. Has relevant certifications.
CAND_0000033,441,0.0,Strong semantic match (Score: 0.0) with 8.6 years of experience. Available to join almost immediately. Exceptional open-source presence (GitHub score: 38.3). Actively looking for new opportunities. Has relevant certifications.
CAND_0000208,442,0.0,Strong semantic match (Score: 0.0) with 4.2 years of experience. Available to join almost immediately.
CAND_0000005,443,0.0,Strong semantic match (Score: 0.0) with 11.0 years of experience. Available to join almost immediately. Actively looking for new opportunities.
CAND_0000029,444,0.0,Strong semantic match (Score: 0.0) with 7.2 years of experience. Exceptional open-source presence (GitHub score: 42.5).
CAND_0000266,445,0.0,Strong semantic match (Score: 0.0) with 2.7 years of experience. Available to join almost immediately. Strong academic pedigree. Has relevant certifications.
CAND_0000166,446,0.0,Strong semantic match (Score: 0.0) with 4.8 years of experience. Strong academic pedigree. Has relevant certifications.
CAND_0000111,447,0.0,Strong semantic match (Score: 0.0) with 2.5 years of experience.
CAND_0000161,448,0.0,Strong semantic match (Score: 0.0) with 12.4 years of experience.
CAND_0000169,449,0.0,Strong semantic match (Score: 0.0) with 14.9 years of experience. Actively looking for new opportunities. Has relevant certifications.
CAND_0000024,450,0.0,Strong semantic match (Score: 0.0) with 7.5 years of experience. Exceptional open-source presence (GitHub score: 46.3). Highly responsive to recruiter outreach.
CAND_0000209,451,0.0,Strong semantic match (Score: 0.0) with 10.3 years of experience. Actively looking for new opportunities.
CAND_0000047,452,0.0,Strong semantic match (Score: 0.0) with 2.4 years of experience.
CAND_0000251,453,0.0,Strong semantic match (Score: 0.0) with 11.4 years of experience.
CAND_0000318,454,0.0,Strong semantic match (Score: 0.0) with 12.1 years of experience. High recruiter demand in the last 30 days.
CAND_0000021,455,0.0,Strong semantic match (Score: 0.0) with 14.5 years of experience.
CAND_0000453,456,0.0,Strong semantic match (Score: 0.0) with 2.1 years of experience. Exceptional open-source presence (GitHub score: 32.1).
CAND_0000431,457,0.0,Strong semantic match (Score: 0.0) with 11.6 years of experience. Strong academic pedigree.
CAND_0000439,458,0.0,Strong semantic match (Score: 0.0) with 13.5 years of experience. Reliable interview attendance record.
CAND_0000359,459,0.0,Strong semantic match (Score: 0.0) with 5.0 years of experience. Has relevant certifications.
CAND_0000120,460,0.0,Strong semantic match (Score: 0.0) with 5.7 years of experience. Graduate of a top-tier institution.
CAND_0000358,461,0.0,Strong semantic match (Score: 0.0) with 2.8 years of experience. Exceptional open-source presence (GitHub score: 30.2). Actively looking for new opportunities.
CAND_0000102,462,0.0,Strong semantic match (Score: 0.0) with 3.7 years of experience. Available to join almost immediately. Reliable interview attendance record.
CAND_0000124,463,0.0,Strong semantic match (Score: 0.0) with 7.6 years of experience. Actively looking for new opportunities. Strong academic pedigree. Has relevant certifications.
CAND_0000236,464,0.0,Strong semantic match (Score: 0.0) with 10.3 years of experience. Strong academic pedigree. Has relevant certifications.
CAND_0000330,465,0.0,Strong semantic match (Score: 0.0) with 12.0 years of experience. Strong academic pedigree.
CAND_0000214,466,0.0,Strong semantic match (Score: 0.0) with 9.5 years of experience. Graduate of a top-tier institution.
CAND_0000193,467,0.0,Strong semantic match (Score: 0.0) with 5.7 years of experience. Exceptional open-source presence (GitHub score: 33.6).
CAND_0000173,468,0.0,Strong semantic match (Score: 0.0) with 7.9 years of experience. Has relevant certifications.
CAND_0000420,469,0.0,Strong semantic match (Score: 0.0) with 14.5 years of experience. Has relevant certifications.
CAND_0000271,470,0.0,Strong semantic match (Score: 0.0) with 7.7 years of experience. Reliable interview attendance record.
CAND_0000305,471,0.0,Strong semantic match (Score: 0.0) with 4.7 years of experience. Exceptional open-source presence (GitHub score: 18.8).
CAND_0000058,472,0.0,Strong semantic match (Score: 0.0) with 10.1 years of experience.
CAND_0000279,473,0.0,Strong semantic match (Score: 0.0) with 2.9 years of experience. Strong academic pedigree.
CAND_0000400,474,0.0,Strong semantic match (Score: 0.0) with 14.1 years of experience. Available to join almost immediately.
CAND_0000334,475,0.0,Strong semantic match (Score: 0.0) with 1.4 years of experience. Available to join almost immediately. Exceptional open-source presence (GitHub score: 11.7).
CAND_0000086,476,0.0,Strong semantic match (Score: 0.0) with 4.9 years of experience.
CAND_0000095,477,0.0,Strong semantic match (Score: 0.0) with 6.7 years of experience. Strong academic pedigree.
CAND_0000211,478,0.0,Strong semantic match (Score: 0.0) with 5.0 years of experience.
CAND_0000076,479,0.0,Strong semantic match (Score: 0.0) with 12.0 years of experience.
CAND_0000424,480,0.0,Strong semantic match (Score: 0.0) with 12.7 years of experience. Actively looking for new opportunities.
CAND_0000261,481,0.0,Strong semantic match (Score: 0.0) with 13.5 years of experience.
CAND_0000094,482,0.0,Strong semantic match (Score: 0.0) with 2.6 years of experience.
CAND_0000168,483,0.0,Strong semantic match (Score: 0.0) with 10.7 years of experience. Available to join almost immediately. Exceptional open-source presence (GitHub score: 30.5).
CAND_0000066,484,0.0,Strong semantic match (Score: 0.0) with 2.4 years of experience. Actively looking for new opportunities.
CAND_0000405,485,0.0,Strong semantic match (Score: 0.0) with 2.7 years of experience. Graduate of a top-tier institution.
CAND_0000398,486,0.0,Strong semantic match (Score: 0.0) with 10.0 years of experience. Actively looking for new opportunities. Strong academic pedigree.
CAND_0000414,487,0.0,Strong semantic match (Score: 0.0) with 13.7 years of experience. Exceptional open-source presence (GitHub score: 20.3). Actively looking for new opportunities.
CAND_0000188,488,0.0,Strong semantic match (Score: 0.0) with 12.1 years of experience. Reliable interview attendance record. High recruiter demand in the last 30 days.
CAND_0000412,489,0.0,Strong semantic match (Score: 0.0) with 2.5 years of experience. Strong academic pedigree. Has relevant certifications. Reliable interview attendance record.
CAND_0000338,490,0.0,Strong semantic match (Score: 0.0) with 7.9 years of experience. Exceptional open-source presence (GitHub score: 20.0). Has relevant certifications.
CAND_0000478,491,0.0,Strong semantic match (Score: 0.0) with 2.2 years of experience. Actively looking for new opportunities.
CAND_0000147,492,0.0,Strong semantic match (Score: 0.0) with 5.2 years of experience.
CAND_0000162,493,0.0,Strong semantic match (Score: 0.0) with 13.8 years of experience.
CAND_0000268,494,0.0,Strong semantic match (Score: 0.0) with 11.3 years of experience.
CAND_0000306,495,0.0,Strong semantic match (Score: 0.0) with 12.6 years of experience. Strong academic pedigree.
CAND_0000443,496,0.0,Strong semantic match (Score: 0.0) with 10.8 years of experience. Exceptional open-source presence (GitHub score: 40.0). Has relevant certifications.
CAND_0000226,497,0.0,Strong semantic match (Score: 0.0) with 3.5 years of experience. Exceptional open-source presence (GitHub score: 49.0).
CAND_0000195,498,0.0,Strong semantic match (Score: 0.0) with 5.9 years of experience. Reliable interview attendance record.
CAND_0000321,499,0.0,Strong semantic match (Score: 0.0) with 12.1 years of experience. Available to join almost immediately. Actively looking for new opportunities.
CAND_0000377,500,0.0,Strong semantic match (Score: 0.0) with 6.1 years of experience. Has relevant certifications.
